{"status":"training_complete","training_results":{"dosage_train_mae":0.06028987541836041,"dosage_test_mae":0.16376658959418763,"dosage_train_r2":0.9118177492837332,"dosage_test_r2":0.36440432398398537,"balance_train_mae":0.0026170818212630526,"balance_test_mae":0.02658315356062484,"training_samples":4000,"test_samples":1000,"feature_count":39,"fertilizer_count":4},"model_ready":true,"training_samples":5000,"test_mae":0,"model_type":"RandomForest"}